0,0,100
1,0,20.1897
1,0.015625,32.3034
1,0.03125,25.8428
1,0.046875,13.7828
1,0.0625,5.51312
1,0.078125,1.7642
1,0.09375,0.470453
1,0.109375,0.107532
1,0.125,0.0215064
1,0.140625,0.00382336
1,0.15625,0.000611738
1,0.171875,8.89801e-05
1,0.1875,1.1864e-05
1,0.203125,1.46019e-06
1,0.21875,1.66878e-07
1,0.234375,1.78004e-08
1,0.25,1.78004e-09
1,0.265625,1.67533e-10
1,0.28125,1.48881e-11
1,0.296875,1.25455e-12
1,0.3125,9.99201e-14
1,0.328125,1.11022e-14
2,0,4.07622
2,0.015625,13.0439
2,0.03125,20.8702
2,0.046875,22.2616
2,0.0625,17.8093
2,0.078125,11.3979
2,0.09375,6.0789
2,0.109375,2.77893
2,0.125,1.11157
2,0.140625,0.395225
2,0.15625,0.126472
2,0.171875,0.0367919
2,0.1875,0.00981116
2,0.203125,0.00241506
2,0.21875,0.000552013
2,0.234375,0.000117763
2,0.25,2.35525e-05
2,0.265625,4.43342e-06
2,0.28125,7.88163e-07
2,0.296875,1.32743e-07
2,0.3125,2.12389e-08
2,0.328125,3.23641e-09
2,0.34375,4.70752e-10
2,0.359375,6.54969e-11
2,0.375,8.73334e-12
2,0.390625,1.11798e-12
2,0.40625,1.37619e-13
2,0.421875,1.63121e-14
2,0.4375,1.86377e-15
2,0.453125,2.05406e-16
2,0.46875,2.18388e-17
2,0.484375,2.23898e-18
2,0.5,2.21123e-19
2,0.515625,2.10041e-20
2,0.53125,1.91505e-21
2,0.546875,1.67175e-22
2,0.5625,1.39298e-23
2,0.578125,1.1036e-24
2,0.59375,8.26911e-26
2,0.609375,5.81292e-27
2,0.625,3.78407e-28
2,0.640625,2.21867e-29
2,0.65625,1.2326e-30
3,0,0.822975
3,0.015625,3.95028
3,0.03125,9.48067
3,0.046875,15.1691
3,0.0625,18.2029
3,0.078125,17.4748
3,0.09375,13.9798
3,0.109375,9.58616
3,0.125,5.7517
3,0.140625,3.06757
3,0.15625,1.47243
3,0.171875,0.642517
3,0.1875,0.257007
3,0.203125,0.0948948
3,0.21875,0.0325353
3,0.234375,0.0104113
3,0.25,0.00312339
3,0.265625,0.000881899
3,0.28125,0.000235173
3,0.296875,5.94122e-05
3,0.3125,1.42589e-05
3,0.328125,3.25918e-06
3,0.34375,7.11094e-07
3,0.359375,1.48402e-07
3,0.375,2.96805e-08
3,0.390625,5.69865e-09
3,0.40625,1.05206e-09
3,0.421875,1.87033e-10
3,0.4375,3.20629e-11
3,0.453125,5.30699e-12
3,0.46875,8.49126e-13
3,0.484375,1.31479e-13
3,0.5,1.97223e-14
3,0.515625,2.86873e-15
3,0.53125,4.04996e-16
3,0.546875,5.55393e-17
3,0.5625,7.4041e-18
3,0.578125,9.60206e-19
3,0.59375,1.2121e-19
3,0.609375,1.49012e-20
3,0.625,1.78481e-21
3,0.640625,2.08348e-22
3,0.65625,2.37085e-23
3,0.671875,2.63012e-24
3,0.6875,2.84446e-25
3,0.703125,2.99859e-26
3,0.71875,3.0805e-27
3,0.734375,3.08282e-28
3,0.75,3.00381e-29
3,0.765625,2.84772e-30
3,0.78125,2.62443e-31
3,0.796875,2.3485e-32
3,0.8125,2.03767e-33
3,0.828125,1.71107e-34
3,0.84375,1.38739e-35
3,0.859375,1.0831e-36
3,0.875,8.11158e-38
3,0.890625,5.80037e-39
3,0.90625,3.93524e-40
3,0.921875,2.51043e-41
3,0.9375,1.48532e-42
3,0.953125,7.96441e-44
3,0.96875,3.69483e-45
3,0.984375,1.36846e-46
4,0,0.166156
4,0.015625,1.0634
4,0.03125,3.40287
4,0.046875,7.25945
4,0.0625,11.6151
4,0.078125,14.8674
4,0.09375,15.8585
4,0.109375,14.4992
4,0.125,11.5994
4,0.140625,8.24844
4,0.15625,5.279
4,0.171875,3.07142
4,0.1875,1.63809
4,0.203125,0.806445
4,0.21875,0.36866
4,0.234375,0.157295
4,0.25,0.0629181
4,0.265625,0.0236868
4,0.28125,0.00842197
4,0.296875,0.00283688
4,0.3125,0.0009078
4,0.328125,0.000276663
4,0.34375,8.04837e-05
4,0.359375,2.23955e-05
4,0.375,5.97213e-06
4,0.390625,1.52886e-06
4,0.40625,3.76336e-07
4,0.421875,8.92055e-08
4,0.4375,2.03898e-08
4,0.453125,4.49983e-09
4,0.46875,9.59963e-10
4,0.484375,1.98186e-10
4,0.5,3.96372e-11
4,0.515625,7.68723e-12
4,0.53125,1.44701e-12
4,0.546875,2.64597e-13
4,0.5625,4.70396e-14
4,0.578125,8.13662e-15
4,0.59375,1.37039e-15
4,0.609375,2.24885e-16
4,0.625,3.59816e-17
4,0.640625,5.61661e-18
4,0.65625,8.55844e-19
4,0.671875,1.27375e-19
4,0.6875,1.85254e-20
4,0.703125,2.63428e-21
4,0.71875,3.66405e-22
4,0.734375,4.98717e-23
4,0.75,6.64519e-24
4,0.765625,8.67114e-25
4,0.78125,1.10841e-25
4,0.796875,1.38834e-26
4,0.8125,1.70442e-27
4,0.828125,2.05127e-28
4,0.84375,2.42052e-29
4,0.859375,2.8008e-30
4,0.875,3.17818e-31
4,0.890625,3.53678e-32
4,0.90625,3.85981e-33
4,0.921875,4.13069e-34
4,0.9375,4.33437e-35
4,0.953125,4.45863e-36
4,0.96875,4.49519e-37
4,0.984375,4.44053e-38
5,0,0.0335463
5,0.015625,0.26837
5,0.03125,1.07348
5,0.046875,2.86261
5,0.0625,5.72523
5,0.078125,9.16037
5,0.09375,12.2138
5,0.109375,13.9587
5,0.125,13.9587
5,0.140625,12.4077
5,0.15625,9.92615
5,0.171875,7.21902
5,0.1875,4.81268
5,0.203125,2.96165
5,0.21875,1.69237
5,0.234375,0.902598
5,0.25,0.451299
5,0.265625,0.212376
5,0.28125,0.0943893
5,0.296875,0.0397429
5,0.3125,0.0158971
5,0.328125,0.00605606
5,0.34375,0.0022022
5,0.359375,0.000765984
5,0.375,0.000255328
5,0.390625,8.17049e-05
5,0.40625,2.514e-05
5,0.421875,7.44888e-06
5,0.4375,2.12825e-06
5,0.453125,5.87104e-07
5,0.46875,1.56561e-07
5,0.484375,4.04028e-08
5,0.5,1.01007e-08
5,0.515625,2.44866e-09
5,0.53125,5.76155e-10
5,0.546875,1.31693e-10
5,0.5625,2.9265e-11
5,0.578125,6.32757e-12
5,0.59375,1.33212e-12
5,0.609375,2.73256e-13
5,0.625,5.46512e-14
5,0.640625,1.06637e-14
5,0.65625,2.03118e-15
5,0.671875,3.77895e-16
5,0.6875,6.87083e-17
5,0.703125,1.22148e-17
5,0.71875,2.12432e-18
5,0.734375,3.61587e-19
5,0.75,6.02641e-20
5,0.765625,9.8389e-21
5,0.78125,1.57418e-21
5,0.796875,2.4692e-22
5,0.8125,3.79849e-23
5,0.828125,5.73293e-24
5,0.84375,8.49182e-25
5,0.859375,1.23488e-25
5,0.875,1.76351e-26
5,0.890625,2.47395e-27
5,0.90625,3.41018e-28
5,0.921875,4.62008e-29
5,0.9375,6.15331e-30
5,0.953125,8.05842e-31
5,0.96875,1.0379e-31
5,0.984375,1.31495e-32
6,0,0.00677287
6,0.015625,0.0650196
6,0.03125,0.312094
6,0.046875,0.998701
6,0.0625,2.39688
6,0.078125,4.60201
6,0.09375,7.36322
6,0.109375,10.0981
6,0.125,12.1178
6,0.140625,12.9256
6,0.15625,12.4086
6,0.171875,10.8293
6,0.1875,8.66345
6,0.203125,6.39762
6,0.21875,4.38694
6,0.234375,2.80764
6,0.25,1.68459
6,0.265625,0.951295
6,0.28125,0.507358
6,0.296875,0.256349
6,0.3125,0.123048
6,0.328125,0.0562503
6,0.34375,0.0245456
6,0.359375,0.0102451
6,0.375,0.00409805
6,0.390625,0.00157365
6,0.40625,0.00058104
6,0.421875,0.000206592
6,0.4375,7.08315e-05
6,0.453125,2.34477e-05
6,0.46875,7.50326e-06
6,0.484375,2.32359e-06
6,0.5,6.97077e-07
6,0.515625,2.02786e-07
6,0.53125,5.72572e-08
6,0.546875,1.57048e-08
6,0.5625,4.18796e-09
6,0.578125,1.08661e-09
6,0.59375,2.74511e-10
6,0.609375,6.75719e-11
6,0.625,1.62173e-11
6,0.640625,3.79721e-12
6,0.65625,8.67934e-13
6,0.671875,1.93771e-13
6,0.6875,4.22774e-14
6,0.703125,9.01919e-15
6,0.71875,1.88227e-15
6,0.734375,3.84463e-16
6,0.75,7.68928e-17
6,0.765625,1.50647e-17
6,0.78125,2.89243e-18
6,0.796875,5.44459e-19
6,0.8125,1.00516e-19
6,0.828125,1.82066e-20
6,0.84375,3.23672e-21
6,0.859375,5.64953e-22
6,0.875,9.68481e-23
6,0.890625,1.6311e-23
6,0.90625,2.69968e-24
6,0.921875,4.39253e-25
6,0.9375,7.02764e-26
6,0.953125,1.1059e-26
6,0.96875,1.71216e-27
6,0.984375,2.60858e-28
7,0,0.00136742
7,0.015625,0.0153151
7,0.03125,0.0857646
7,0.046875,0.320188
7,0.0625,0.896526
7,0.078125,2.00822
7,0.09375,3.74867
7,0.109375,5.99788
7,0.125,8.39703
7,0.140625,10.4496
7,0.15625,11.7036
7,0.171875,11.9164
7,0.1875,11.122
7,0.203125,9.58199
7,0.21875,7.66559
7,0.234375,5.72364
7,0.25,4.00655
7,0.265625,2.63961
7,0.28125,1.64242
7,0.296875,0.968166
7,0.3125,0.542173
7,0.328125,0.289159
7,0.34375,0.147208
7,0.359375,0.0716839
7,0.375,0.0334525
7,0.390625,0.0149867
7,0.40625,0.00645582
7,0.421875,0.00267797
7,0.4375,0.00107119
7,0.453125,0.0004137
7,0.46875,0.000154448
7,0.484375,5.58006e-05
7,0.5,1.95302e-05
7,0.515625,6.62843e-06
7,0.53125,2.18348e-06
7,0.546875,6.98715e-07
7,0.5625,2.17378e-07
7,0.578125,6.58009e-08
7,0.59375,1.93939e-08
7,0.609375,5.56954e-09
7,0.625,1.55947e-09
7,0.640625,4.26002e-10
7,0.65625,1.13601e-10
7,0.671875,2.9589e-11
7,0.6875,7.53174e-12
7,0.703125,1.87457e-12
7,0.71875,4.56416e-13
7,0.734375,1.08763e-13
7,0.75,2.53781e-14
7,0.765625,5.8007e-15
7,0.78125,1.29936e-15
7,0.796875,2.85349e-16
7,0.8125,6.14599e-17
7,0.828125,1.29878e-17
7,0.84375,2.69376e-18
7,0.859375,5.48548e-19
7,0.875,1.0971e-19
7,0.890625,2.1557e-20
7,0.90625,4.16274e-21
7,0.921875,7.90215e-22
7,0.9375,1.47507e-22
7,0.953125,2.70832e-23
7,0.96875,4.89242e-24
7,0.984375,8.69758e-25
8,0,0.000276077
8,0.015625,0.00353379
8,0.03125,0.0226162
8,0.046875,0.096496
8,0.0625,0.308787
8,0.078125,0.790495
8,0.09375,1.68639
8,0.109375,3.08368
8,0.125,4.93389
8,0.140625,7.01709
8,0.15625,8.98188
8,0.171875,10.4516
8,0.1875,11.1484
8,0.203125,10.9769
8,0.21875,10.036
8,0.234375,8.56408
8,0.25,6.85126
8,0.265625,5.1586
8,0.28125,3.66834
8,0.296875,2.4713
8,0.3125,1.58163
8,0.328125,0.964042
8,0.34375,0.560897
8,0.359375,0.312152
8,0.375,0.166481
8,0.390625,0.0852382
8,0.40625,0.0419634
8,0.421875,0.0198938
8,0.4375,0.00909429
8,0.453125,0.00401403
8,0.46875,0.00171265
8,0.484375,0.00070716
8,0.5,0.000282864
8,0.515625,0.000109717
8,0.53125,4.13052e-05
8,0.546875,1.51059e-05
8,0.5625,5.37099e-06
8,0.578125,1.85807e-06
8,0.59375,6.25877e-07
8,0.609375,2.05416e-07
8,0.625,6.57331e-08
8,0.640625,2.05216e-08
8,0.65625,6.25419e-09
8,0.671875,1.86171e-09
8,0.6875,5.41589e-10
8,0.703125,1.54052e-10
8,0.71875,4.28667e-11
8,0.734375,1.16743e-11
8,0.75,3.11315e-12
8,0.765625,8.13232e-13
8,0.78125,2.08187e-13
8,0.796875,5.22509e-14
8,0.8125,1.28618e-14
8,0.828125,3.10624e-15
8,0.84375,7.36294e-16
8,0.859375,1.71356e-16
8,0.875,3.91671e-17
8,0.890625,8.79541e-18
8,0.90625,1.94106e-18
8,0.921875,4.21111e-19
8,0.9375,8.98371e-20
8,0.953125,1.88511e-20
8,0.96875,3.89184e-21
8,0.984375,7.90723e-22
9,0,5.5739e-05
9,0.015625,0.000802642
9,0.03125,0.00577902
9,0.046875,0.0277393
9,0.0625,0.0998615
9,0.078125,0.287601
9,0.09375,0.690243
9,0.109375,1.41993
9,0.125,2.55587
9,0.140625,4.08939
9,0.15625,5.88873
9,0.171875,7.70888
9,0.1875,9.25065
9,0.203125,10.2469
9,0.21875,10.5396
9,0.234375,10.1181
9,0.25,9.10625
9,0.265625,7.71353
9,0.28125,6.17083
9,0.296875,4.67684
9,0.3125,3.36732
9,0.328125,2.30902
9,0.34375,1.51136
9,0.359375,0.946242
9,0.375,0.567745
9,0.390625,0.327021
9,0.40625,0.18112
9,0.421875,0.0965971
9,0.4375,0.0496785
9,0.453125,0.0246679
9,0.46875,0.0118406
9,0.484375,0.00550016
9,0.5,0.00247507
9,0.515625,0.00108003
9,0.53125,0.000457425
9,0.546875,0.000188198
9,0.5625,7.5279e-05
9,0.578125,2.92978e-05
9,0.59375,1.11023e-05
9,0.609375,4.09932e-06
9,0.625,1.47575e-06
9,0.640625,5.18314e-07
9,0.65625,1.77708e-07
9,0.671875,5.95114e-08
9,0.6875,1.94764e-08
9,0.703125,6.23246e-09
9,0.71875,1.95103e-09
9,0.734375,5.97763e-10
9,0.75,1.79329e-10
9,0.765625,5.27007e-11
9,0.78125,1.51778e-11
9,0.796875,4.2855e-12
9,0.8125,1.18675e-12
9,0.828125,3.22439e-13
9,0.84375,8.59837e-14
9,0.859375,2.25121e-14
9,0.875,5.78882e-15
9,0.890625,1.46244e-15
9,0.90625,3.63089e-16
9,0.921875,8.86183e-17
9,0.9375,2.12684e-17
9,0.953125,5.02074e-18
9,0.96875,1.16611e-18
9,0.984375,2.66539e-19
10,0,1.12535e-05
10,0.015625,0.000180056
10,0.03125,0.00144045
10,0.046875,0.0076824
10,0.0625,0.0307296
10,0.078125,0.0983347
10,0.09375,0.262226
10,0.109375,0.599374
10,0.125,1.19875
10,0.140625,2.13111
10,0.15625,3.40977
10,0.171875,4.95967
10,0.1875,6.61289
10,0.203125,8.13894
10,0.21875,9.30164
10,0.234375,9.92175
10,0.25,9.92175
10,0.265625,9.33812
10,0.28125,8.30055
10,0.296875,6.98994
10,0.3125,5.59195
10,0.328125,4.26053
10,0.34375,3.09857
10,0.359375,2.15553
10,0.375,1.43702
10,0.390625,0.919692
10,0.40625,0.565964
10,0.421875,0.335386
10,0.4375,0.191649
10,0.453125,0.105737
10,0.46875,0.0563933
10,0.484375,0.0291062
10,0.5,0.0145531
10,0.515625,0.00705606
10,0.53125,0.0033205
10,0.546875,0.00151794
10,0.5625,0.000674641
10,0.578125,0.000291737
10,0.59375,0.000122836
10,0.609375,5.03944e-05
10,0.625,2.01578e-05
10,0.640625,7.86645e-06
10,0.65625,2.99674e-06
10,0.671875,1.11507e-06
10,0.6875,4.05479e-07
10,0.703125,1.4417e-07
10,0.71875,5.01462e-08
10,0.734375,1.7071e-08
10,0.75,5.69035e-09
10,0.765625,1.85807e-09
10,0.78125,5.94583e-10
10,0.796875,1.86536e-10
10,0.8125,5.73957e-11
10,0.828125,1.7327e-11
10,0.84375,5.13392e-12
10,0.859375,1.4935e-12
10,0.875,4.26716e-13
10,0.890625,1.1978e-13
10,0.90625,3.30427e-14
10,0.921875,8.96074e-15
10,0.9375,2.38953e-15
10,0.953125,6.26762e-16
10,0.96875,1.61745e-16
10,0.984375,4.10781e-17
11,0,2.27205e-06
11,0.015625,3.9988e-05
11,0.03125,0.000351894
11,0.046875,0.00206445
11,0.0625,0.00908357
11,0.078125,0.0319742
11,0.09375,0.0937909
11,0.109375,0.235817
11,0.125,0.518798
11,0.140625,1.01454
11,0.15625,1.78559
11,0.171875,2.85694
11,0.1875,4.19018
11,0.203125,5.67285
11,0.21875,7.13159
11,0.234375,8.36773
11,0.25,9.2045
11,0.265625,9.52936
11,0.28125,9.3176
11,0.296875,8.63104
11,0.3125,7.59532
11,0.328125,6.3656
11,0.34375,5.09248
11,0.359375,3.89685
11,0.375,2.85769
11,0.390625,2.01182
11,0.40625,1.36184
11,0.421875,0.887721
11,0.4375,0.557996
11,0.453125,0.338646
11,0.46875,0.198672
11,0.484375,0.112795
11,0.5,0.062037
11,0.515625,0.0330864
11,0.53125,0.0171271
11,0.546875,0.00861247
11,0.5625,0.00421054
11,0.578125,0.00200285
11,0.59375,0.000927637
11,0.609375,0.000418626
11,0.625,0.000184195
11,0.640625,7.90692e-05
11,0.65625,3.31338e-05
11,0.671875,1.35617e-05
11,0.6875,5.42469e-06
11,0.703125,2.12166e-06
11,0.71875,8.11765e-07
11,0.734375,3.0398e-07
11,0.75,1.11459e-07
11,0.765625,4.00344e-08
11,0.78125,1.40921e-08
11,0.796875,4.86316e-09
11,0.8125,1.64599e-09
11,0.828125,5.46593e-10
11,0.84375,1.78149e-10
11,0.859375,5.70077e-11
11,0.875,1.79167e-11
11,0.890625,5.53217e-12
11,0.90625,1.67873e-12
11,0.921875,5.00773e-13
11,0.9375,1.46893e-13
11,0.953125,4.23824e-14
11,0.96875,1.20311e-14
11,0.984375,3.36108e-15
12,0,4.58718e-07
12,0.015625,8.80739e-06
12,0.03125,8.45509e-05
12,0.046875,0.000541126
12,0.0625,0.0025974
12,0.078125,0.00997403
12,0.09375,0.0319169
12,0.109375,0.0875435
12,0.125,0.210104
12,0.140625,0.448223
12,0.15625,0.860588
12,0.171875,1.50212
12,0.1875,2.40339
12,0.203125,3.54962
12,0.21875,4.86805
12,0.234375,6.2311
12,0.25,7.47732
12,0.265625,8.44497
12,0.28125,9.00797
12,0.296875,9.10279
12,0.3125,8.73868
12,0.328125,7.98965
12,0.34375,6.97279
12,0.359375,5.82076
12,0.375,4.65661
12,0.390625,3.57628
12,0.40625,2.64094
12,0.421875,1.878
12,0.4375,1.28777
12,0.453125,0.852595
12,0.46875,0.545661
12,0.484375,0.337958
12,0.5,0.202775
12,0.515625,0.117978
12,0.53125,0.0666228
12,0.546875,0.0365474
12,0.5625,0.0194919
12,0.578125,0.0101147
12,0.59375,0.0051106
12,0.609375,0.00251599
12,0.625,0.00120767
12,0.640625,0.000565545
12,0.65625,0.000258535
12,0.671875,0.000115439
12,0.6875,5.03733e-05
12,0.703125,2.14926e-05
12,0.71875,8.97083e-06
12,0.734375,3.66468e-06
12,0.75,1.46587e-06
12,0.765625,5.74383e-07
12,0.78125,2.20563e-07
12,0.796875,8.30355e-08
12,0.8125,3.06592e-08
12,0.828125,1.11067e-08
12,0.84375,3.94906e-09
12,0.859375,1.37858e-09
12,0.875,4.72657e-10
12,0.890625,1.59211e-10
12,0.90625,5.27042e-11
12,0.921875,1.71512e-11
12,0.9375,5.48839e-12
12,0.953125,1.72749e-12
12,0.96875,5.34965e-13
12,0.984375,1.63037e-13
13,0,9.26136e-08
13,0.015625,1.92636e-06
13,0.03125,2.00342e-05
13,0.046875,0.000138904
13,0.0625,0.000722299
13,0.078125,0.00300476
13,0.09375,0.0104165
13,0.109375,0.0309519
13,0.125,0.080475
13,0.140625,0.185987
13,0.15625,0.386852
13,0.171875,0.731502
13,0.1875,1.26794
13,0.203125,2.0287
13,0.21875,3.01407
13,0.234375,4.17951
13,0.25,5.43336
13,0.265625,6.64788
13,0.28125,7.68199
13,0.296875,8.40976
13,0.3125,8.74615
13,0.328125,8.66285
13,0.34375,8.19033
13,0.359375,7.40691
13,0.375,6.41932
13,0.390625,5.34088
13,0.40625,4.2727
13,0.421875,3.29156
13,0.4375,2.44516
13,0.453125,1.75377
13,0.46875,1.21595
13,0.484375,0.815861
13,0.5,0.53031
13,0.515625,0.334256
13,0.53125,0.204486
13,0.546875,0.121523
13,0.5625,0.0702133
13,0.578125,0.0394713
13,0.59375,0.0216053
13,0.609375,0.0115228
13,0.625,0.00599188
13,0.640625,0.00303978
13,0.65625,0.00150542
13,0.671875,0.000728201
13,0.6875,0.000344241
13,0.703125,0.000159116
13,0.71875,7.1948e-05
13,0.734375,3.18408e-05
13,0.75,1.37977e-05
13,0.765625,5.85697e-06
13,0.78125,2.4365e-06
13,0.796875,9.9371e-07
13,0.8125,3.97484e-07
13,0.828125,1.55994e-07
13,0.84375,6.00865e-08
13,0.859375,2.27236e-08
13,0.875,8.4402e-09
13,0.890625,3.07993e-09
13,0.90625,1.10453e-09
13,0.921875,3.89393e-10
13,0.9375,1.3499e-10
13,0.953125,4.60292e-11
13,0.96875,1.54421e-11
13,0.984375,5.09833e-12
14,0,1.86984e-08
14,0.015625,4.18843e-07
14,0.03125,4.69105e-06
14,0.046875,3.50265e-05
14,0.0625,0.000196148
14,0.078125,0.000878744
14,0.09375,0.00328064
14,0.109375,0.0104981
14,0.125,0.0293946
14,0.140625,0.0731598
14,0.15625,0.163878
14,0.171875,0.333715
14,0.1875,0.622935
14,0.203125,1.07337
14,0.21875,1.71738
14,0.234375,2.56463
14,0.25,3.59048
14,0.265625,4.73098
14,0.28125,5.88745
14,0.296875,6.94099
14,0.3125,7.77391
14,0.328125,8.29217
14,0.34375,8.44293
14,0.359375,8.22268
14,0.375,7.67451
14,0.390625,6.87636
14,0.40625,5.92425
14,0.421875,4.91493
14,0.4375,3.93194
14,0.453125,3.03709
14,0.46875,2.26769
14,0.484375,1.63859
14,0.5,1.14701
14,0.515625,0.778579
14,0.53125,0.512946
14,0.546875,0.328285
14,0.5625,0.204266
14,0.578125,0.123664
14,0.59375,0.0728967
14,0.609375,0.0418689
14,0.625,0.0234466
14,0.640625,0.0128098
14,0.65625,0.00683191
14,0.671875,0.00355895
14,0.6875,0.00181183
14,0.703125,0.000901888
14,0.71875,0.00043918
14,0.734375,0.000209311
14,0.75,9.76787e-05
14,0.765625,4.46531e-05
14,0.78125,2.00046e-05
14,0.796875,8.78633e-06
14,0.8125,3.78488e-06
14,0.828125,1.59965e-06
14,0.84375,6.63558e-07
14,0.859375,2.70249e-07
14,0.875,1.081e-07
14,0.890625,4.24812e-08
14,0.90625,1.64065e-08
14,0.921875,6.22892e-09
14,0.9375,2.32547e-09
14,0.953125,8.53941e-10
14,0.96875,3.08521e-10
14,0.984375,1.09696e-10
15,0,3.77513e-09
15,0.015625,9.06032e-08
15,0.03125,1.08724e-06
15,0.046875,8.69791e-06
15,0.0625,5.21875e-05
15,0.078125,0.0002505
15,0.09375,0.001002
15,0.109375,0.00343543
15,0.125,0.0103063
15,0.140625,0.0274834
15,0.15625,0.0659602
15,0.171875,0.143913
15,0.1875,0.287826
15,0.203125,0.531372
15,0.21875,0.910923
15,0.234375,1.45748
15,0.25,2.18621
15,0.265625,3.08642
15,0.28125,4.11523
15,0.296875,5.19818
15,0.3125,6.23782
15,0.328125,7.12893
15,0.34375,7.77702
15,0.359375,8.11515
15,0.375,8.11515
15,0.390625,7.79054
15,0.40625,7.19127
15,0.421875,6.39224
15,0.4375,5.47906
15,0.453125,4.5344
15,0.46875,3.62752
15,0.484375,2.8084
15,0.5,2.1063
15,0.515625,1.53186
15,0.53125,1.08131
15,0.546875,0.741469
15,0.5625,0.494313
15,0.578125,0.320635
15,0.59375,0.202507
15,0.609375,0.124619
15,0.625,0.0747717
15,0.640625,0.0437688
15,0.65625,0.0250107
15,0.671875,0.0139595
15,0.6875,0.00761426
15,0.703125,0.00406094
15,0.71875,0.00211875
15,0.734375,0.00108192
15,0.75,0.000540958
15,0.765625,0.000264959
15,0.78125,0.00012718
15,0.796875,5.98495e-05
15,0.8125,2.76229e-05
15,0.828125,1.25085e-05
15,0.84375,5.55932e-06
15,0.859375,2.42588e-06
15,0.875,1.03966e-06
15,0.890625,4.37753e-07
15,0.90625,1.81139e-07
15,0.921875,7.36838e-08
15,0.9375,2.94735e-08
15,0.953125,1.15961e-08
15,0.96875,4.48883e-09
15,0.984375,1.71003e-09
16,0,7.62187e-10
16,0.015625,1.9512e-08
16,0.03125,2.49753e-07
16,0.046875,2.13123e-06
16,0.0625,1.36399e-05
16,0.078125,6.98361e-05
16,0.09375,0.000297967
16,0.109375,0.00108971
16,0.125,0.00348707
16,0.140625,0.00991877
16,0.15625,0.0253921
16,0.171875,0.0590942
16,0.1875,0.126068
16,0.203125,0.248256
16,0.21875,0.453955
16,0.234375,0.774749
16,0.25,1.2396
16,0.265625,1.86669
16,0.28125,2.65485
16,0.296875,3.57706
16,0.3125,4.57863
16,0.328125,5.58157
16,0.34375,6.49492
16,0.359375,7.22913
16,0.375,7.71107
16,0.390625,7.89614
16,0.40625,7.77466
16,0.421875,7.37153
16,0.4375,6.73968
16,0.453125,5.94951
16,0.46875,5.07692
16,0.484375,4.19255
16,0.5,3.35404
16,0.515625,2.60192
16,0.53125,1.95909
16,0.546875,1.43294
16,0.5625,1.01898
16,0.578125,0.705023
16,0.59375,0.474963
16,0.609375,0.31177
16,0.625,0.199533
16,0.640625,0.124586
16,0.65625,0.0759384
16,0.671875,0.0452099
16,0.6875,0.0263039
16,0.703125,0.014964
16,0.71875,0.00832779
16,0.734375,0.00453599
16,0.75,0.00241919
16,0.765625,0.00126391
16,0.78125,0.00064712
16,0.796875,0.000324829
16,0.8125,0.000159916
16,0.828125,7.72423e-05
16,0.84375,3.66186e-05
16,0.859375,1.70443e-05
16,0.875,7.79167e-06
16,0.890625,3.49942e-06
16,0.90625,1.54457e-06
16,0.921875,6.70186e-07
16,0.9375,2.85946e-07
16,0.953125,1.20004e-07
16,0.96875,4.95499e-08
16,0.984375,2.01346e-08
17,0,1.53883e-10
17,0.015625,4.18561e-09
17,0.03125,5.69243e-08
17,0.046875,5.16114e-07
17,0.0625,3.50957e-06
17,0.078125,1.90921e-05
17,0.09375,8.65508e-05
17,0.109375,0.000336312
17,0.125,0.00114346
17,0.140625,0.00345579
17,0.15625,0.00939975
17,0.171875,0.023243
17,0.1875,0.0526841
17,0.203125,0.110231
17,0.21875,0.214164
17,0.234375,0.388351
17,0.25,0.660196
17,0.265625,1.05631
17,0.28125,1.59621
17,0.296875,2.2851
17,0.3125,3.10773
17,0.328125,4.02525
17,0.34375,4.97668
17,0.359375,5.88546
17,0.375,6.67019
17,0.390625,7.25717
17,0.40625,7.59211
17,0.421875,7.64835
17,0.4375,7.42982
17,0.453125,6.96866
17,0.46875,6.31825
17,0.484375,5.54376
17,0.5,4.7122
17,0.515625,3.88399
17,0.53125,3.10719
17,0.546875,2.41473
17,0.5625,1.82446
17,0.578125,1.34123
17,0.59375,0.960037
17,0.609375,0.669564
17,0.625,0.455304
17,0.640625,0.302055
17,0.65625,0.195617
17,0.671875,0.123739
17,0.6875,0.0764931
17,0.703125,0.0462359
17,0.71875,0.0273395
17,0.734375,0.015822
17,0.75,0.00896579
17,0.765625,0.00497693
17,0.78125,0.00270745
17,0.796875,0.00144397
17,0.8125,0.000755309
17,0.828125,0.00038763
17,0.84375,0.000195251
17,0.859375,9.65604e-05
17,0.875,4.69008e-05
17,0.890625,2.23807e-05
17,0.90625,1.04958e-05
17,0.921875,4.83873e-06
17,0.9375,2.19356e-06
17,0.953125,9.78112e-07
17,0.96875,4.29107e-07
17,0.984375,1.85265e-07
18,0,3.10684e-11
18,0.015625,8.9477e-10
18,0.03125,1.28847e-08
18,0.046875,1.23693e-07
18,0.0625,8.9059e-07
18,0.078125,5.1298e-06
18,0.09375,2.4623e-05
18,0.109375,0.000101306
18,0.125,0.000364702
18,0.140625,0.00116705
18,0.15625,0.00336109
18,0.171875,0.00879996
18,0.1875,0.0211199
18,0.203125,0.0467887
18,0.21875,0.096251
18,0.234375,0.184802
18,0.25,0.332644
18,0.265625,0.563537
18,0.28125,0.90166
18,0.296875,1.36673
18,0.3125,1.96809
18,0.328125,2.69909
18,0.34375,3.53335
18,0.359375,4.42437
18,0.375,5.30925
18,0.390625,6.11625
18,0.40625,6.77493
18,0.421875,7.22659
18,0.4375,7.43306
18,0.453125,7.3818
18,0.46875,7.08653
18,0.484375,6.58361
18,0.5,5.92525
18,0.515625,5.17113
18,0.53125,4.38025
18,0.546875,3.60432
18,0.5625,2.88346
18,0.578125,2.24442
18,0.59375,1.70103
18,0.609375,1.25615
18,0.625,0.904427
18,0.640625,0.635305
18,0.65625,0.435637
18,0.671875,0.291776
18,0.6875,0.190981
18,0.703125,0.122228
18,0.71875,0.0765251
18,0.734375,0.046892
18,0.75,0.0281352
18,0.765625,0.0165366
18,0.78125,0.00952508
18,0.796875,0.00537887
18,0.8125,0.00297906
18,0.828125,0.00161881
18,0.84375,0.000863367
18,0.859375,0.00045209
18,0.875,0.000232504
18,0.890625,0.000117475
18,0.90625,5.83326e-05
18,0.921875,2.84742e-05
18,0.9375,1.36676e-05
18,0.953125,6.45292e-06
18,0.96875,2.99748e-06
18,0.984375,1.37028e-06
19,0,6.2726e-12
19,0.015625,1.90687e-10
19,0.03125,2.89844e-09
19,0.046875,2.93709e-08
19,0.0625,2.23219e-07
19,0.078125,1.35717e-06
19,0.09375,6.87633e-06
19,0.109375,2.98629e-05
19,0.125,0.000113479
19,0.140625,0.000383307
19,0.15625,0.00116525
19,0.171875,0.00322034
19,0.1875,0.00815819
19,0.203125,0.0190776
19,0.21875,0.0414257
19,0.234375,0.083956
19,0.25,0.159516
19,0.265625,0.285253
19,0.28125,0.481761
19,0.296875,0.770817
19,0.3125,1.17164
19,0.328125,1.69609
19,0.34375,2.34369
19,0.359375,3.09775
19,0.375,3.92381
19,0.390625,4.77135
19,0.40625,5.57881
19,0.421875,6.28133
19,0.4375,6.81973
19,0.453125,7.14896
19,0.46875,7.24428
19,0.484375,7.10407
19,0.5,6.74886
19,0.515625,6.21714
19,0.53125,5.55885
19,0.546875,4.82826
19,0.5625,4.0772
19,0.578125,3.34991
19,0.59375,2.67993
19,0.609375,2.08897
19,0.625,1.58762
19,0.640625,1.17716
19,0.65625,0.85204
19,0.671875,0.602373
19,0.6875,0.416185
19,0.703125,0.281156
19,0.71875,0.185807
19,0.734375,0.120182
19,0.75,0.0761151
19,0.765625,0.0472224
19,0.78125,0.0287112
19,0.796875,0.0171142
19,0.8125,0.0100052
19,0.828125,0.00573883
19,0.84375,0.00323075
19,0.859375,0.00178572
19,0.875,0.000969393
19,0.890625,0.000517009
19,0.90625,0.000270984
19,0.921875,0.000139626
19,0.9375,7.07437e-05
19,0.953125,3.52559e-05
19,0.96875,1.72868e-05
19,0.984375,8.34155e-06
20,0,1.26642e-12
20,0.015625,4.05253e-11
20,0.03125,6.48405e-10
20,0.046875,6.91632e-09
20,0.0625,5.53306e-08
20,0.078125,3.54116e-07
20,0.09375,1.88862e-06
20,0.109375,8.63368e-06
20,0.125,3.45347e-05
20,0.140625,0.00012279
20,0.15625,0.000392928
20,0.171875,0.00114306
20,0.1875,0.00304817
20,0.203125,0.00750319
20,0.21875,0.0171502
20,0.234375,0.036587
20,0.25,0.073174
20,0.265625,0.137739
20,0.28125,0.24487
20,0.296875,0.412412
20,0.3125,0.65986
20,0.328125,1.0055
20,0.34375,1.46255
20,0.359375,2.03485
20,0.375,2.71313
20,0.390625,3.4728
20,0.40625,4.27422
20,0.421875,5.06574
20,0.4375,5.78942
20,0.453125,6.38833
20,0.46875,6.81422
20,0.484375,7.03403
20,0.5,7.03403
20,0.515625,6.82088
20,0.53125,6.41965
20,0.546875,5.86939
20,0.5625,5.21724
20,0.578125,4.51221
20,0.59375,3.79975
20,0.609375,3.11775
20,0.625,2.4942
20,0.640625,1.94669
20,0.65625,1.48319
20,0.671875,1.10377
20,0.6875,0.802743
20,0.703125,0.570839
20,0.71875,0.397105
20,0.734375,0.27037
20,0.75,0.180246
20,0.765625,0.117712
20,0.78125,0.0753357
20,0.796875,0.0472694
20,0.8125,0.0290889
20,0.828125,0.0175631
20,0.84375,0.0104078
20,0.859375,0.00605543
20,0.875,0.00346024
20,0.890625,0.00194259
20,0.90625,0.00107178
20,0.921875,0.000581302
20,0.9375,0.000310028
20,0.953125,0.000162637
20,0.96875,8.39419e-05
20,0.984375,4.26372e-05
21,0,5.69038e-13
21,0.0625,2.48621e-08
21,0.125,1.55373e-05
21,0.1875,0.00138205
21,0.25,0.0339799
21,0.3125,0.323237
21,0.375,1.46692
21,0.4375,3.67433
21,0.5,5.65765
21,0.5625,5.81434
21,0.625,4.25112
21,0.6875,2.32497
21,0.75,0.989719
21,0.8125,0.338558
21,0.875,0.0954997
21,0.9375,0.0226893
21,0.015625,1.82092e-11
21,0.078125,1.59129e-07
21,0.140625,5.53004e-05
21,0.203125,0.00341559
21,0.265625,0.064605
21,0.328125,0.502396
21,0.390625,1.94197
21,0.453125,4.26872
21,0.515625,5.90014
21,0.578125,5.5389
21,0.640625,3.75025
21,0.703125,1.91999
21,0.765625,0.771734
21,0.828125,0.251007
21,0.890625,0.0677055
21,0.953125,0.0154544
21,0.03125,2.91347e-10
21,0.09375,8.48844e-07
21,0.15625,0.000177233
21,0.21875,0.00784757
21,0.28125,0.116248
21,0.34375,0.747667
21,0.40625,2.48213
21,0.46875,4.81806
21,0.53125,6.00654
21,0.59375,5.17015
21,0.65625,3.25125
21,0.71875,1.56182
21,0.78125,0.593867
21,0.84375,0.183937
21,0.90625,0.047503
21,0.96875,0.0104282
21,0.046875,3.1077e-09
21,0.109375,3.88185e-06
21,0.171875,0.000516716
21,0.234375,0.0168517
21,0.296875,0.198625
21,0.359375,1.06787
21,0.421875,3.06835
21,0.484375,5.29022
21,0.546875,5.97537
21,0.609375,4.73246
21,0.671875,2.77172
21,0.734375,1.25208
21,0.796875,0.451184
21,0.859375,0.133269
21,0.921875,0.0329925
21,0.984375,0.00697268
22,0,2.55685e-13
22,0.0625,1.11715e-08
22,0.125,6.99031e-06
22,0.1875,0.000626585
22,0.25,0.0157672
22,0.3125,0.157654
22,0.375,0.780261
22,0.4375,2.22608
22,0.5,4.08651
22,0.5625,5.23335
22,0.625,4.96622
22,0.6875,3.65577
22,0.75,2.16278
22,0.8125,1.05735
22,0.875,0.436793
22,0.9375,0.155261
22,0.015625,8.18192e-12
22,0.078125,7.15078e-08
22,0.140625,2.49053e-05
22,0.203125,0.00155463
22,0.265625,0.0302646
22,0.328125,0.249458
22,0.390625,1.06259
22,0.453125,2.69087
22,0.515625,4.48454
22,0.578125,5.30185
22,0.640625,4.70368
22,0.703125,3.26863
22,0.765625,1.83935
22,0.828125,0.860507
22,0.890625,0.341836
22,0.953125,0.117313
22,0.03125,1.30911e-10
22,0.09375,3.81515e-07
22,0.15625,7.99411e-05
22,0.21875,0.00358997
22,0.28125,0.0550802
22,0.34375,0.378871
22,0.40625,1.40107
22,0.46875,3.16915
22,0.53125,4.81729
22,0.59375,5.27605
22,0.65625,4.38772
22,0.71875,2.88429
22,0.78125,1.54637
22,0.84375,0.693204
22,0.90625,0.26509
22,0.96875,0.0879129
22,0.046875,1.39638e-09
22,0.109375,1.74534e-06
22,0.171875,0.000233571
22,0.234375,0.00775827
22,0.296875,0.09538
22,0.359375,0.553665
22,0.421875,1.79177
22,0.484375,3.6413
22,0.546875,5.07022
22,0.609375,5.1611
22,0.671875,4.03344
22,0.734375,2.51301
22,0.796875,1.28563
22,0.859375,0.552919
22,0.921875,0.203756
22,0.984375,0.0653531
23,0,1.14887e-13
23,0.0625,5.01975e-09
23,0.125,3.14497e-06
23,0.1875,0.000284057
23,0.25,0.00731088
23,0.3125,0.0765964
23,0.375,0.409556
23,0.4375,1.30399
23,0.5,2.75474
23,0.5625,4.17167
23,0.625,4.79177
23,0.6875,4.35504
23,0.75,3.23484
23,0.8125,2.01412
23,0.875,1.0727
23,0.9375,0.496796
23,0.015625,3.67637e-12
23,0.078125,3.21335e-08
23,0.140625,1.12164e-05
23,0.203125,0.000707501
23,0.265625,0.0141612
23,0.328125,0.123192
23,0.390625,0.571537
23,0.453125,1.62809
23,0.515625,3.14489
23,0.578125,4.4239
23,0.640625,4.77576
23,0.703125,4.11574
23,0.765625,2.9189
23,0.828125,1.74478
23,0.890625,0.896078
23,0.953125,0.401637
23,0.03125,5.8822e-11
23,0.09375,1.71473e-07
23,0.15625,3.6057e-05
23,0.21875,0.00164187
23,0.28125,0.0260511
23,0.34375,0.190556
23,0.40625,0.773789
23,0.46875,1.98424
23,0.53125,3.52015
23,0.59375,4.61469
23,0.65625,4.69346
23,0.71875,3.84263
23,0.78125,2.60588
23,0.84375,1.49721
23,0.90625,0.742202
23,0.96875,0.322218
23,0.046875,6.27435e-10
23,0.109375,7.84736e-07
23,0.171875,0.000105578
23,0.234375,0.00357023
23,0.296875,0.0456795
23,0.359375,0.284188
23,0.421875,1.01813
23,0.484375,2.36354
23,0.546875,3.86671
23,0.609375,4.73822
23,0.671875,4.55064
23,0.734375,3.54575
23,0.796875,2.3025
23,0.859375,1.273
23,0.921875,0.609682
23,0.984375,0.25657
24,0,5.16219e-14
24,0.0625,2.25556e-09
24,0.125,1.41493e-06
24,0.1875,0.000128766
24,0.25,0.00338755
24,0.3125,0.0370859
24,0.375,0.212621
24,0.4375,0.744438
24,0.5,1.7684
24,0.5625,3.06847
24,0.625,4.10197
24,0.6875,4.39527
24,0.75,3.89072
24,0.8125,2.91332
24,0.875,1.88045
24,0.9375,1.06247
24,0.015625,1.6519e-12
24,0.078125,1.44398e-08
24,0.140625,5.05139e-06
24,0.203125,0.000321937
24,0.265625,0.00661897
24,0.328125,0.0605463
24,0.390625,0.303154
24,0.453125,0.955255
24,0.515625,2.08534
24,0.578125,3.37523
24,0.640625,4.25527
24,0.703125,4.33592
24,0.765625,3.67352
24,0.828125,2.64618
24,0.890625,1.64992
24,0.953125,0.903574
24,0.03125,2.64304e-11
24,0.09375,7.70688e-08
24,0.15625,1.62631e-05
24,0.21875,0.000750725
24,0.28125,0.0123009
24,0.34375,0.0952243
24,0.40625,0.419993
24,0.46875,1.19814
24,0.53125,2.41373
24,0.59375,3.65535
24,0.65625,4.35612
24,0.71875,4.22843
24,0.78125,3.43353
24,0.84375,2.38198
24,0.90625,1.43598
24,0.96875,0.762821
24,0.046875,2.81925e-10
24,0.109375,3.5283e-07
24,0.171875,4.77214e-05
24,0.234375,0.00164227
24,0.296875,0.0218237
24,0.359375,0.144631
24,0.421875,0.566335
24,0.484375,1.47063
24,0.546875,2.74467
24,0.609375,3.90007
24,0.671875,4.40271
24,0.734375,4.07797
24,0.796875,3.17786
24,0.859375,2.12545
24,0.921875,1.23995
24,0.984375,0.639391
25,0,2.31952e-14
25,0.0625,1.01351e-09
25,0.125,6.36579e-07
25,0.1875,5.83674e-05
25,0.25,0.00156862
25,0.3125,0.0179001
25,0.375,0.10936
25,0.4375,0.41639
25,0.5,1.09421
25,0.5625,2.12991
25,0.625,3.23063
25,0.6875,3.96441
25,0.75,4.05012
25,0.8125,3.52269
25,0.875,2.65565
25,0.9375,1.7607
25,0.015625,7.42247e-13
25,0.078125,6.48882e-09
25,0.140625,2.27493e-06
25,0.203125,0.000146474
25,0.265625,0.00309055
25,0.328125,0.029631
25,0.390625,0.158944
25,0.453125,0.547159
25,0.515625,1.32634
25,0.578125,2.41564
25,0.640625,3.46415
25,0.703125,4.05084
25,0.765625,3.9677
25,0.828125,3.3247
25,0.890625,2.42414
25,0.953125,1.55949
25,0.03125,1.1876e-11
25,0.09375,3.46387e-08
25,0.15625,7.33519e-06
25,0.21875,0.00034318
25,0.28125,0.00579935
25,0.34375,0.0473173
25,0.40625,0.224742
25,0.46875,0.703498
25,0.53125,1.57938
25,0.59375,2.69922
25,0.65625,3.66763
25,0.71875,4.09367
25,0.78125,3.8493
25,0.84375,3.11073
25,0.90625,2.19559
25,0.96875,1.3715
25,0.046875,1.26677e-10
25,0.109375,1.58638e-07
25,0.171875,2.15695e-05
25,0.234375,0.000755124
25,0.296875,0.0104032
25,0.359375,0.0730698
25,0.421875,0.309662
25,0.484375,0.886017
25,0.546875,1.84904
25,0.609375,2.97333
25,0.671875,3.83575
25,0.734375,4.09297
25,0.796875,3.69932
25,0.859375,2.88604
25,0.921875,1.97348
25,0.984375,1.19784
26,0,1.04223e-14
26,0.0625,4.55407e-10
26,0.125,2.86398e-07
26,0.1875,2.64551e-05
26,0.25,0.000725897
26,0.3125,0.00861529
26,0.375,0.0558007
26,0.4375,0.229041
26,0.5,0.657761
26,0.5625,1.41456
26,0.625,2.3914
26,0.6875,3.29415
26,0.75,3.8
26,0.8125,3.75036
26,0.875,3.22147
26,0.9375,2.44228
26,0.015625,3.33513e-13
26,0.078125,2.91588e-09
26,0.140625,1.02452e-06
26,0.203125,6.66335e-05
26,0.265625,0.00144165
26,0.328125,0.0144461
26,0.390625,0.0825195
26,0.453125,0.307369
26,0.515625,0.816662
26,0.578125,1.64719
26,0.640625,2.63782
26,0.703125,3.46798
26,0.765625,3.84051
26,0.828125,3.65565
26,0.890625,3.03992
26,0.953125,2.23802
26,0.03125,5.33621e-12
26,0.09375,1.55685e-08
26,0.15625,3.30837e-06
26,0.21875,0.000156842
26,0.28125,0.00273023
26,0.34375,0.0233953
26,0.40625,0.118839
26,0.46875,0.403917
26,0.53125,0.996717
26,0.59375,1.89071
26,0.65625,2.87409
26,0.71875,3.61213
26,0.78125,3.84499
26,0.84375,3.53342
26,0.90625,2.84688
26,0.96875,2.03672
26,0.046875,5.69196e-11
26,0.109375,7.13262e-08
26,0.171875,9.74884e-06
26,0.234375,0.000347075
26,0.296875,0.00494902
26,0.359375,0.0366814
26,0.421875,0.166931
26,0.484375,0.520336
26,0.546875,1.19673
26,0.609375,2.14051
26,0.671875,3.09462
26,0.734375,3.72351
26,0.796875,3.81433
26,0.859375,3.38735
26,0.921875,2.6464
26,0.984375,1.84105
27,0,4.68304e-15
27,0.0625,2.04631e-10
27,0.125,1.28851e-07
27,0.1875,1.19901e-05
27,0.25,0.000335717
27,0.3125,0.00413585
27,0.375,0.0282751
27,0.4375,0.12424
27,0.5,0.386242
27,0.5625,0.907184
27,0.625,1.6868
27,0.6875,2.57022
27,0.75,3.295
27,0.8125,3.62814
27,0.875,3.48849
27,0.9375,2.96877
27,0.015625,1.49857e-13
27,0.078125,1.31031e-09
27,0.140625,4.61396e-07
27,0.203125,3.03091e-05
27,0.265625,0.000671875
27,0.328125,0.00701891
27,0.390625,0.0424811
27,0.453125,0.169905
27,0.515625,0.489868
27,0.578125,1.08116
27,0.640625,1.90721
27,0.703125,2.77708
27,0.765625,3.42136
27,0.828125,3.63658
27,0.890625,3.38756
27,0.953125,2.80135
27,0.03125,2.39771e-12
27,0.09375,6.99728e-09
27,0.15625,1.49214e-06
27,0.21875,7.16653e-05
27,0.28125,0.00128363
27,0.34375,0.0115163
27,0.40625,0.0622062
27,0.46875,0.22768
27,0.53125,0.611053
27,0.59375,1.27065
27,0.65625,2.13079
27,0.71875,2.96948
27,0.78125,3.52
27,0.84375,3.61516
27,0.90625,3.2652
27,0.96875,2.62554
27,0.046875,2.55756e-11
27,0.109375,3.20694e-08
27,0.171875,4.40608e-06
27,0.234375,0.000159466
27,0.296875,0.0023499
27,0.359375,0.0183113
27,0.421875,0.0889174
27,0.484375,0.299274
27,0.546875,0.750212
27,0.609375,1.47348
27,0.671875,2.35329
27,0.734375,3.14334
27,0.796875,3.58923
27,0.859375,3.56516
27,0.921875,3.12451
27,0.984375,2.44455
28,0,2.10422e-15
28,0.0625,9.19484e-11
28,0.125,5.79698e-08
28,0.1875,5.43383e-06
28,0.25,0.000155176
28,0.3125,0.00198076
28,0.375,0.0142403
28,0.4375,0.0665962
28,0.5,0.222436
28,0.5625,0.565444
28,0.625,1.14455
28,0.6875,1.90745
28,0.75,2.68488
28,0.8125,3.25635
28,0.875,3.4581
28,0.9375,3.25789
28,0.015625,6.73352e-14
28,0.078125,5.88815e-10
28,0.140625,2.0779e-07
28,0.203125,1.37848e-05
28,0.265625,0.000312854
28,0.328125,0.00339969
28,0.390625,0.0217088
28,0.453125,0.0926491
28,0.515625,0.287569
28,0.578125,0.687999
28,0.640625,1.32289
28,0.703125,2.10899
28,0.765625,2.85523
28,0.828125,3.34522
28,0.890625,3.4438
28,0.953125,3.15433
28,0.03125,1.07736e-12
28,0.09375,3.14494e-09
28,0.15625,6.72978e-07
28,0.21875,3.27387e-05
28,0.28125,0.000602747
28,0.34375,0.00564638
28,0.40625,0.0322781
28,0.46875,0.12637
28,0.53125,0.365802
28,0.59375,0.825803
28,0.65625,1.51126
28,0.71875,2.30817
28,0.78125,3.00913
28,0.84375,3.40891
28,0.90625,3.40465
28,0.96875,3.03383
28,0.046875,1.14919e-11
28,0.109375,1.44189e-08
28,0.171875,1.99131e-06
28,0.234375,7.3241e-05
28,0.296875,0.00111384
28,0.359375,0.00909558
28,0.421875,0.0468794
28,0.484375,0.169159
28,0.546875,0.458176
28,0.609375,0.978333
28,0.671875,1.70711
28,0.734375,2.50135
28,0.796875,3.14366
28,0.859375,3.44659
28,0.921875,3.34206
28,0.984375,2.89904
29,0,9.45489e-16
29,0.0625,4.13158e-11
29,0.125,2.60806e-08
29,0.1875,2.46243e-06
29,0.25,7.16867e-05
29,0.3125,0.000946578
29,0.375,0.00713309
29,0.4375,0.0353332
29,0.5,0.126011
29,0.5625,0.344165
29,0.625,0.752184
29,0.6875,1.35886
29,0.75,2.08009
29,0.8125,2.75105
29,0.875,3.19305
29,0.9375,3.29421
29,0.015625,3.02556e-14
29,0.078125,2.64596e-10
29,0.140625,9.35776e-08
29,0.203125,6.26868e-06
29,0.265625,0.00014556
29,0.328125,0.00164203
29,0.390625,0.011022
29,0.453125,0.0499343
29,0.515625,0.165771
29,0.578125,0.426689
29,0.640625,0.886794
29,0.703125,1.53385
29,0.765625,2.25995
29,0.828125,2.88906
29,0.890625,3.25233
29,0.953125,3.26364
29,0.03125,4.8409e-13
29,0.09375,1.4135e-09
29,0.15625,3.03519e-07
29,0.21875,1.49528e-05
29,0.28125,0.000282697
29,0.34375,0.00275848
29,0.40625,0.0166211
29,0.46875,0.0692195
29,0.53125,0.214653
29,0.59375,0.522001
29,0.65625,1.0336
29,0.71875,1.71415
29,0.78125,2.43372
29,0.84375,3.01002
29,0.90625,3.28902
29,0.96875,3.21226
29,0.046875,5.16363e-12
29,0.109375,6.48296e-09
29,0.171875,8.99939e-07
29,0.234375,3.36272e-05
29,0.296875,0.000527093
29,0.359375,0.0044979
29,0.421875,0.0244968
29,0.484375,0.0942107
29,0.546875,0.273776
29,0.609375,0.630482
29,0.671875,1.19146
29,0.734375,1.89717
29,0.796875,2.59838
29,0.859375,3.11189
29,0.921875,3.3029
29,0.984375,3.14152
30,0,4.24835e-16
30,0.0625,1.85647e-11
30,0.125,1.17336e-08
30,0.1875,1.11582e-06
30,0.25,3.30998e-05
30,0.3125,0.000451449
30,0.375,0.00355577
30,0.4375,0.0185792
30,0.5,0.0703837
30,0.5625,0.205301
30,0.625,0.481222
30,0.6875,0.935554
30,0.75,1.54547
30,0.8125,2.21087
30,0.875,2.78103
30,0.9375,3.11469
30,0.015625,1.35947e-14
30,0.078125,1.18901e-10
30,0.140625,4.21423e-08
30,0.203125,2.85037e-06
30,0.265625,6.7671e-05
30,0.328125,0.000791039
30,0.390625,0.00556391
30,0.453125,0.0266407
30,0.515625,0.0940842
30,0.578125,0.258928
30,0.640625,0.577678
30,0.703125,1.07608
30,0.765625,1.71203
30,0.828125,2.36854
30,0.890625,2.89099
30,0.953125,3.15052
30,0.03125,2.17516e-13
30,0.09375,6.35301e-10
30,0.15625,1.36888e-07
30,0.21875,6.82803e-06
30,0.28125,0.000132443
30,0.34375,0.00134325
30,0.40625,0.00850112
30,0.46875,0.0374846
30,0.53125,0.123829
30,0.59375,0.322322
30,0.65625,0.685714
30,0.71875,1.22559
30,0.78125,1.88008
30,0.84375,2.5177
30,0.90625,2.9841
30,0.96875,3.16626
30,0.046875,2.32017e-12
30,0.109375,2.91484e-09
30,0.171875,4.067e-07
30,0.234375,1.54341e-05
30,0.296875,0.000249056
30,0.359375,0.00221538
30,0.421875,0.012701
30,0.484375,0.0518045
30,0.546875,0.16058
30,0.609375,0.396227
30,0.671875,0.805165
30,0.734375,1.38264
30,0.796875,2.0472
30,0.859375,2.65594
30,0.921875,3.05901
30,0.984375,3.16204
31,0,1.90891e-16
31,0.0625,8.34183e-12
31,0.125,5.27892e-09
31,0.1875,5.05592e-07
31,0.25,1.52755e-05
31,0.3125,0.000214908
31,0.375,0.00176479
31,0.4375,0.00969253
31,0.5,0.0388328
31,0.5625,0.120359
31,0.625,0.300885
31,0.6875,0.625718
31,0.75,1.10835
31,0.8125,1.70358
31,0.875,2.30637
31,0.9375,2.78415
31,0.015625,6.10851e-15
31,0.078125,5.34307e-11
31,0.140625,1.89785e-08
31,0.203125,1.29592e-06
31,0.265625,3.14372e-05
31,0.328125,0.000380174
31,0.390625,0.00279422
31,0.453125,0.0140868
31,0.515625,0.052682
31,0.578125,0.154213
31,0.640625,0.367235
31,0.703125,0.732215
31,0.765625,1.24982
31,0.828125,1.85864
31,0.890625,2.4426
31,0.953125,2.87003
31,0.03125,9.77361e-14
31,0.09375,2.85537e-10
31,0.15625,6.17362e-08
31,0.21875,3.11733e-06
31,0.28125,6.19844e-05
31,0.34375,0.000652155
31,0.40625,0.00432195
31,0.46875,0.020097
31,0.53125,0.0703894
31,0.59375,0.195067
31,0.65625,0.443283
31,0.71875,0.848574
31,0.78125,1.39728
31,0.84375,2.01224
31,0.90625,2.56886
31,0.96875,2.93976
31,0.046875,1.04252e-12
31,0.109375,1.31056e-09
31,0.171875,1.8379e-07
31,0.234375,7.0816e-06
31,0.296875,0.000117514
31,0.359375,0.00108719
31,0.421875,0.00653969
31,0.484375,0.028171
31,0.546875,0.092688
31,0.609375,0.243712
31,0.671875,0.529388
31,0.734375,0.974231
31,0.796875,1.54913
31,0.859375,2.1622
31,0.921875,2.68327
31,0.984375,2.99243
32,0,8.57728e-17
32,0.0625,3.74829e-12
32,0.125,2.37497e-09
32,0.1875,2.29076e-07
32,0.25,7.04622e-06
32,0.3125,0.000102128
32,0.375,0.000872439
32,0.4375,0.005021
32,0.5,0.0211949
32,0.5625,0.0695028
32,0.625,0.18443
32,0.6875,0.408182
32,0.75,0.771123
32,0.8125,1.26636
32,0.875,1.83451
32,0.9375,2.37269
32,0.015625,2.74473e-15
32,0.078125,2.40102e-11
32,0.140625,8.54679e-09
32,0.203125,5.89125e-07
32,0.265625,1.45942e-05
32,0.328125,0.000182311
32,0.390625,0.00139675
32,0.453125,0.00738991
32,0.515625,0.0291518
32,0.578125,0.0903654
32,0.640625,0.22858
32,0.703125,0.485318
32,0.765625,0.883921
32,0.828125,1.40502
32,0.890625,1.97644
32,0.953125,2.48887
32,0.03125,4.39157e-14
32,0.09375,1.28335e-10
32,0.15625,2.78425e-08
32,0.21875,1.42294e-06
32,0.28125,2.89809e-05
32,0.34375,0.000315764
32,0.40625,0.00218544
32,0.46875,0.0106799
32,0.53125,0.039499
32,0.59375,0.116012
32,0.65625,0.280225
32,0.71875,0.571539
32,0.78125,1.00465
32,0.84375,1.54702
32,0.90625,2.11468
32,0.96875,2.59432
32,0.046875,4.68434e-13
32,0.109375,5.89245e-10
32,0.171875,8.30535e-08
32,0.234375,3.24822e-06
32,0.296875,5.53747e-05
32,0.359375,0.000531775
32,0.421875,0.00334645
32,0.484375,0.0151697
32,0.546875,0.0527567
32,0.609375,0.147134
32,0.671875,0.339934
32,0.734375,0.666866
32,0.796875,1.13248
32,0.859375,1.69076
32,0.921875,2.24738
32,0.984375,2.68758
33,0,3.85402e-17
33,0.0625,1.68425e-12
33,0.125,1.06849e-09
33,0.1875,1.03785e-07
33,0.25,3.24876e-06
33,0.3125,4.84551e-05
33,0.375,0.000429745
33,0.4375,0.00258465
33,0.5,0.0114578
33,0.5625,0.0396046
33,0.625,0.1111
33,0.6875,0.26055
33,0.75,0.522566
33,0.8125,0.912522
33,0.875,1.40754
33,0.9375,1.94057
33,0.015625,1.23329e-15
33,0.078125,1.07894e-11
33,0.140625,3.84895e-09
33,0.203125,2.67787e-07
33,0.265625,6.7706e-06
33,0.328125,8.72485e-05
33,0.390625,0.000695256
33,0.453125,0.00384936
33,0.515625,0.0159631
33,0.578125,0.0522003
33,0.640625,0.139677
33,0.703125,0.314403
33,0.765625,0.60819
33,0.828125,1.02833
33,0.890625,1.54069
33,0.953125,2.06871
33,0.03125,1.97326e-14
33,0.09375,5.76805e-11
33,0.15625,1.25566e-08
33,0.21875,6.49395e-07
33,0.28125,1.35374e-05
33,0.34375,0.000152505
33,0.40625,0.00109971
33,0.46875,0.00563091
33,0.53125,0.0219137
33,0.59375,0.0679479
33,0.65625,0.173721
33,0.71875,0.375819
33,0.78125,0.701923
33,0.84375,1.15012
33,0.90625,1.67495
33,0.96875,2.19156
33,0.046875,2.10481e-13
33,0.109375,2.64933e-10
33,0.171875,3.75302e-08
33,0.234375,1.48946e-06
33,0.296875,2.6061e-05
33,0.359375,0.000259317
33,0.421875,0.0017029
33,0.484375,0.00809773
33,0.546875,0.0296601
33,0.609375,0.0873895
33,0.671875,0.213825
33,0.734375,0.445135
33,0.796875,0.803513
33,0.859375,1.27691
33,0.921875,1.80878
33,0.984375,2.30754
34,0,1.73172e-17
34,0.0625,7.56795e-13
34,0.125,4.80709e-10
34,0.1875,4.70178e-08
34,0.25,1.49722e-06
34,0.3125,2.2955e-05
34,0.375,0.000210986
34,0.4375,0.00132293
34,0.5,0.00614107
34,0.5625,0.0223026
34,0.625,0.0659069
34,0.6875,0.163163
34,0.75,0.346046
34,0.8125,0.639907
34,0.875,1.04649
34,0.9375,1.5313
34,0.015625,5.54151e-16
34,0.078125,4.84845e-12
34,0.140625,1.73332e-09
34,0.203125,1.21709e-07
34,0.265625,3.13904e-06
34,0.328125,4.16757e-05
34,0.390625,0.000344745
34,0.453125,0.00199235
34,0.515625,0.00865974
34,0.578125,0.0297741
34,0.640625,0.0839732
34,0.703125,0.199627
34,0.765625,0.408506
34,0.828125,0.731662
34,0.890625,1.16257
34,0.953125,1.65712
34,0.03125,8.86642e-15
34,0.09375,2.59246e-11
34,0.15625,5.66278e-09
34,0.21875,2.96314e-07
34,0.28125,6.31801e-06
34,0.34375,7.3485e-05
34,0.40625,0.000550922
34,0.46875,0.00294789
34,0.53125,0.0120346
34,0.59375,0.0392611
34,0.65625,0.105858
34,0.71875,0.241968
34,0.78125,0.478247
34,0.84375,0.830345
34,0.90625,1.28279
34,0.96875,1.78221
34,0.046875,9.45752e-14
34,0.109375,1.19118e-10
34,0.171875,1.69587e-08
34,0.234375,6.82786e-07
34,0.296875,1.22508e-05
34,0.359375,0.000126102
34,0.421875,0.000862181
34,0.484375,0.00428897
34,0.546875,0.016493
34,0.609375,0.05116
34,0.671875,0.13208
34,0.734375,0.290641
34,0.796875,0.555385
34,0.859375,0.935496
34,0.921875,1.40609
34,0.984375,1.90513
35,0,7.78113e-18
35,0.0625,3.40056e-13
35,0.125,2.16269e-10
35,0.1875,2.12994e-08
35,0.25,6.89715e-07
35,0.3125,1.08593e-05
35,0.375,0.000103271
35,0.4375,0.000673629
35,0.5,0.00326613
35,0.5625,0.0124272
35,0.625,0.0385662
35,0.6875,0.100458
35,0.75,0.22452
35,0.8125,0.438086
35,0.875,0.75679
35,0.9375,1.17085
35,0.015625,2.48996e-16
35,0.078125,2.17875e-12
35,0.140625,7.80576e-10
35,0.203125,5.53113e-08
35,0.265625,1.45446e-06
35,0.328125,1.9872e-05
35,0.390625,0.000170341
35,0.453125,0.00102526
35,0.515625,0.00465844
35,0.578125,0.0167912
35,0.640625,0.0497585
35,0.703125,0.124512
35,0.765625,0.268597
35,0.828125,0.507762
35,0.890625,0.852454
35,0.953125,1.285
35,0.03125,3.98394e-15
35,0.09375,1.16519e-11
35,0.15625,2.55377e-09
35,0.21875,1.35182e-07
35,0.28125,2.94619e-06
35,0.34375,3.53328e-05
35,0.40625,0.00027488
35,0.46875,0.00153342
35,0.53125,0.00654924
35,0.59375,0.0224127
35,0.65625,0.0635258
35,0.71875,0.152905
35,0.78125,0.318691
35,0.84375,0.584177
35,0.90625,0.953776
35,0.96875,1.40163
35,0.046875,4.24954e-14
35,0.109375,5.35571e-11
35,0.171875,7.66285e-09
35,0.234375,3.12909e-07
35,0.296875,5.75251e-06
35,0.359375,6.1164e-05
35,0.421875,0.00043452
35,0.484375,0.00225569
35,0.546875,0.00908139
35,0.609375,0.029567
35,0.671875,0.08028
35,0.734375,0.186094
35,0.796875,0.37511
35,0.859375,0.667253
35,0.921875,1.06015
35,0.984375,1.51967
36,0,3.49629e-18
36,0.0625,1.528e-13
36,0.125,9.7298e-11
36,0.1875,9.64821e-09
36,0.25,3.17596e-07
36,0.3125,5.13041e-06
36,0.375,5.0406e-05
36,0.4375,0.000341391
36,0.5,0.00172498
36,0.5625,0.00685885
36,0.625,0.0222923
36,0.6875,0.0609191
36,0.75,0.143042
36,0.8125,0.293574
36,0.875,0.53397
36,0.9375,0.870552
36,0.015625,1.11881e-16
36,0.078125,9.79065e-13
36,0.140625,3.51518e-10
36,0.203125,2.51339e-08
36,0.265625,6.73526e-07
36,0.328125,9.45989e-06
36,0.390625,8.38936e-05
36,0.453125,0.000524823
36,0.515625,0.00248698
36,0.578125,0.00937343
36,0.640625,0.0291042
36,0.703125,0.0764344
36,0.765625,0.173281
36,0.828125,0.344648
36,0.890625,0.609351
36,0.953125,0.968139
36,0.03125,1.7901e-15
36,0.09375,5.23696e-12
36,0.15625,1.15167e-09
36,0.21875,6.16607e-08
36,0.28125,1.37277e-06
36,0.34375,1.69547e-05
36,0.40625,0.000136641
36,0.46875,0.000793012
36,0.53125,0.00353487
36,0.59375,0.0126562
36,0.65625,0.0376031
36,0.71875,0.0950257
36,0.78125,0.208206
36,0.84375,0.401646
36,0.90625,0.690751
36,0.96875,1.07011
36,0.046875,1.90944e-14
36,0.109375,2.408e-11
36,0.171875,3.4624e-09
36,0.234375,1.43361e-07
36,0.296875,2.69835e-06
36,0.359375,2.95959e-05
36,0.421875,0.000218068
36,0.484375,0.00117876
36,0.546875,0.00495624
36,0.609375,0.0168912
36,0.671875,0.0480961
36,0.734375,0.117092
36,0.796875,0.248191
36,0.859375,0.464728
36,0.921875,0.777934
36,0.984375,1.17577
37,0,1.57098e-18
37,0.0625,6.86587e-14
37,0.125,4.37738e-11
37,0.1875,4.37022e-09
37,0.25,1.46187e-07
37,0.3125,2.4208e-06
37,0.375,2.45391e-05
37,0.4375,0.000172266
37,0.5,0.000905249
37,0.5625,0.00375301
37,0.625,0.0127436
37,0.6875,0.036441
37,0.75,0.089653
37,0.8125,0.192998
37,0.875,0.36854
37,0.9375,0.631299
37,0.015625,5.02715e-17
37,0.078125,4.39963e-13
37,0.140625,1.58299e-10
37,0.203125,1.14199e-08
37,0.265625,3.1172e-07
37,0.328125,4.49634e-06
37,0.390625,4.11941e-05
37,0.453125,0.000267361
37,0.515625,0.00131856
37,0.578125,0.00518448
37,0.640625,0.0168251
37,0.703125,0.0462533
37,0.765625,0.1099
37,0.828125,0.22933
37,0.890625,0.425769
37,0.953125,0.710875
37,0.03125,8.04344e-16
37,0.09375,2.35376e-12
37,0.15625,5.19362e-10
37,0.21875,2.81207e-08
37,0.28125,6.39156e-07
37,0.34375,8.12059e-06
37,0.40625,6.76912e-05
37,0.46875,0.000407932
37,0.53125,0.00189369
37,0.59375,0.00707684
37,0.65625,0.0219853
37,0.71875,0.0581763
37,0.78125,0.133631
37,0.84375,0.270521
37,0.90625,0.488636
37,0.96875,0.795642
37,0.046875,8.57966e-15
37,0.109375,1.08267e-11
37,0.171875,1.56442e-09
37,0.234375,6.56644e-08
37,0.296875,1.26448e-06
37,0.359375,1.4289e-05
37,0.421875,0.000109016
37,0.484375,0.000612397
37,0.546875,0.00268321
37,0.609375,0.00954937
37,0.671875,0.0284423
37,0.734375,0.0725298
37,0.796875,0.161212
37,0.859375,0.316847
37,0.921875,0.557167
37,0.984375,0.885245
38,0,7.05888e-19
38,0.0625,3.08509e-14
38,0.125,1.96935e-11
38,0.1875,1.97941e-09
38,0.25,6.72635e-08
38,0.3125,1.14091e-06
38,0.375,1.19175e-05
38,0.4375,8.65787e-05
38,0.5,0.0004723
38,0.5625,0.00203747
38,0.625,0.00721209
38,0.6875,0.0215305
38,0.75,0.0553663
38,0.8125,0.124705
38,0.875,0.249362
38,0.9375,0.447621
38,0.015625,2.25884e-17
38,0.078125,1.97706e-13
38,0.140625,7.12866e-11
38,0.203125,5.18825e-09
38,0.265625,1.44193e-07
38,0.328125,2.13404e-06
38,0.390625,2.01712e-05
38,0.453125,0.000135599
38,0.515625,0.000694671
38,0.578125,0.00284357
38,0.640625,0.00962381
38,0.703125,0.0276291
38,0.765625,0.0686358
38,0.828125,0.149886
38,0.890625,0.291457
38,0.953125,0.510029
38,0.03125,3.61415e-16
38,0.09375,1.0579e-12
38,0.15625,2.34211e-10
38,0.21875,1.28225e-08
38,0.28125,2.97374e-07
38,0.34375,3.88263e-06
38,0.40625,3.34277e-05
38,0.46875,0.00020882
38,0.53125,0.00100757
38,0.59375,0.00392185
38,0.65625,0.012711
38,0.71875,0.0351366
38,0.78125,0.0844043
38,0.84375,0.178853
38,0.90625,0.338423
38,0.96875,0.577647
38,0.046875,3.85509e-15
38,0.109375,4.86784e-12
38,0.171875,7.0683e-10
38,0.234375,3.00688e-08
38,0.296875,5.91997e-07
38,0.359375,6.88449e-06
38,0.421875,5.43049e-05
38,0.484375,0.000316459
38,0.546875,0.00144201
38,0.609375,0.00534767
38,0.671875,0.0166227
38,0.734375,0.0442945
38,0.796875,0.102986
38,0.859375,0.211914
38,0.921875,0.390438
38,0.984375,0.650379
39,0,3.17176e-19
39,0.0625,1.38625e-14
39,0.125,8.85995e-12
39,0.1875,8.96489e-10
39,0.25,3.09378e-08
39,0.3125,5.3711e-07
39,0.375,5.77475e-06
39,0.4375,4.33529e-05
39,0.5,0.000245098
39,0.5625,0.00109818
39,0.625,0.00404432
39,0.6875,0.0125785
39,0.75,0.0337359
39,0.8125,0.0793242
39,0.875,0.165717
39,0.9375,0.310993
39,0.015625,1.01496e-17
39,0.078125,8.88431e-14
39,0.140625,3.21022e-11
39,0.203125,2.35688e-09
39,0.265625,6.66652e-08
39,0.328125,1.01146e-06
39,0.390625,9.85156e-06
39,0.453125,6.8492e-05
39,0.515625,0.000363862
39,0.578125,0.00154769
39,0.640625,0.00545166
39,0.703125,0.0163105
39,0.765625,0.04227
39,0.828125,0.0963847
39,0.890625,0.195844
39,0.953125,0.358346
39,0.03125,1.62394e-16
39,0.09375,4.75476e-13
39,0.15625,1.05618e-10
39,0.21875,5.84585e-09
39,0.28125,1.38262e-07
39,0.34375,1.85333e-06
39,0.40625,1.64589e-05
39,0.46875,0.000106415
39,0.53125,0.000532753
39,0.59375,0.00215573
39,0.65625,0.00727431
39,0.71875,0.0209612
39,0.78125,0.0525416
39,0.84375,0.116275
39,0.90625,0.22994
39,0.96875,0.410443
39,0.046875,1.7322e-15
39,0.109375,2.18865e-12
39,0.171875,3.1935e-10
39,0.234375,1.37656e-08
39,0.296875,2.76912e-07
39,0.359375,3.31055e-06
39,0.421875,2.69617e-05
39,0.484375,0.000162727
39,0.546875,0.000769769
39,0.609375,0.00296885
39,0.671875,0.00961126
39,0.734375,0.0267047
39,0.796875,0.0648035
39,0.859375,0.139288
39,0.921875,0.268251
39,0.984375,0.467362
40,0,1.42516e-19
40,0.0625,6.22892e-15
40,0.125,3.98601e-12
40,0.1875,4.06006e-10
40,0.25,1.42248e-08
40,0.3125,2.52589e-07
40,0.375,2.79232e-06
40,0.4375,2.16339e-05
40,0.5,0.000126564
40,0.5625,0.000588008
40,0.625,0.00224893
40,0.6875,0.00727332
40,0.75,0.0203056
40,0.8125,0.0497419
40,0.875,0.108341
40,0.9375,0.212108
40,0.015625,4.56053e-18
40,0.078125,3.99234e-14
40,0.140625,1.44564e-11
40,0.203125,1.07057e-09
40,0.265625,3.08064e-08
40,0.328125,4.78784e-07
40,0.390625,4.79985e-06
40,0.453125,3.44647e-05
40,0.515625,0.00018957
40,0.578125,0.000836452
40,0.640625,0.00306095
40,0.703125,0.00952548
40,0.765625,0.0257023
40,0.828125,0.0610695
40,0.890625,0.129392
40,0.953125,0.247026
40,0.03125,7.29684e-17
40,0.09375,2.13703e-13
40,0.15625,4.76282e-11
40,0.21875,2.66474e-09
40,0.28125,6.42416e-08
40,0.34375,8.83298e-07
40,0.40625,8.08178e-06
40,0.46875,5.40035e-05
40,0.53125,0.000280072
40,0.59375,0.00117608
40,0.65625,0.00412427
40,0.71875,0.0123645
40,0.78125,0.0322761
40,0.84375,0.0744424
40,0.90625,0.153532
40,0.96875,0.285982
40,0.046875,7.7833e-16
40,0.109375,9.84046e-13
40,0.171875,1.4428e-10
40,0.234375,6.30038e-09
40,0.296875,1.29419e-07
40,0.359375,1.58906e-06
40,0.421875,1.33451e-05
40,0.484375,8.32966e-05
40,0.546875,0.00040838
40,0.609375,0.00163515
40,0.671875,0.00550294
40,0.734375,0.0159118
40,0.796875,0.0402194
40,0.859375,0.0901127
40,0.921875,0.181021
40,0.984375,0.329155
41,0,6.40368e-20
41,0.0625,2.79888e-15
41,0.125,1.79327e-12
41,0.1875,1.83864e-10
41,0.25,6.53812e-09
41,0.3125,1.18667e-07
41,0.375,1.34753e-06
41,0.4375,1.07614e-05
41,0.5,6.5057e-05
41,0.5625,0.000312924
41,0.625,0.00124093
41,0.6875,0.00416609
41,0.75,0.0120853
41,0.8125,0.0307863
41,0.875,0.0697776
41,0.9375,0.14224
41,0.015625,2.04918e-18
41,0.078125,1.79404e-14
41,0.140625,6.51003e-12
41,0.203125,4.8624e-10
41,0.265625,1.42291e-08
41,0.328125,2.2636e-07
41,0.390625,2.33329e-06
41,0.453125,1.72814e-05
41,0.515625,9.82768e-05
41,0.578125,0.000449129
41,0.640625,0.00170466
41,0.703125,0.00550818
41,0.765625,0.0154465
41,0.828125,0.038173
41,0.890625,0.0841773
41,0.953125,0.167351
41,0.03125,3.27868e-17
41,0.09375,9.60493e-14
41,0.15625,2.14775e-11
41,0.21875,1.2145e-09
41,0.28125,2.98303e-08
41,0.34375,4.20369e-07
41,0.40625,3.95823e-06
41,0.46875,2.72999e-05
41,0.53125,0.000146453
41,0.59375,0.000637205
41,0.65625,0.00231832
41,0.71875,0.00721854
41,0.78125,0.0195875
41,0.84375,0.0469965
41,0.90625,0.100894
41,0.96875,0.19573
41,0.046875,3.49726e-16
41,0.109375,4.4244e-13
41,0.171875,6.5183e-11
41,0.234375,2.88295e-09
41,0.296875,6.04371e-08
41,0.359375,7.61442e-07
41,0.421875,6.58638e-06
41,0.484375,4.24581e-05
41,0.546875,0.00021542
41,0.609375,0.000894019
41,0.671875,0.00312242
41,0.734375,0.00937915
41,0.796875,0.0246486
41,0.859375,0.0574596
41,0.921875,0.120168
41,0.984375,0.227597
42,0,2.87736e-20
42,0.0625,1.25764e-15
42,0.125,8.06775e-13
42,0.1875,8.32603e-11
42,0.25,3.00412e-09
42,0.3125,5.56975e-08
42,0.375,6.49086e-07
42,0.4375,5.33709e-06
42,0.5,3.32987e-05
42,0.5625,0.000165591
42,0.625,0.000679847
42,0.6875,0.00236559
42,0.75,0.00711877
42,0.8125,0.0188265
42,0.875,0.044327
42,0.9375,0.0939186
42,0.015625,9.20754e-19
42,0.078125,8.06188e-15
42,0.140625,2.93159e-12
42,0.203125,2.20824e-10
42,0.265625,6.56928e-09
42,0.328125,1.06895e-07
42,0.390625,1.13185e-06
42,0.453125,8.63686e-06
42,0.515625,5.07149e-05
42,0.578125,0.000239709
42,0.640625,0.000942211
42,0.703125,0.00315623
42,0.765625,0.00918366
42,0.828125,0.0235656
42,0.890625,0.0539909
42,0.953125,0.11158
42,0.03125,1.47321e-17
42,0.09375,4.31695e-14
42,0.15625,9.68501e-12
42,0.21875,5.53443e-10
42,0.28125,1.38433e-08
42,0.34375,1.99782e-07
42,0.40625,1.93399e-06
42,0.46875,1.37511e-05
42,0.53125,7.62045e-05
42,0.59375,0.000343039
42,0.65625,0.00129287
42,0.71875,0.0041743
42,0.78125,0.011755
42,0.84375,0.0292898
42,0.90625,0.0653398
42,0.96875,0.131782
42,0.046875,1.57142e-16
42,0.109375,1.98927e-13
42,0.171875,2.94477e-11
42,0.234375,1.31889e-09
42,0.296875,2.82018e-08
42,0.359375,3.6428e-07
42,0.421875,3.24196e-06
42,0.484375,2.15571e-05
42,0.546875,0.000113033
42,0.609375,0.000485508
42,0.671875,0.00175702
42,0.734375,0.00547386
42,0.796875,0.0149317
42,0.859375,0.0361539
42,0.921875,0.0785781
42,0.984375,0.154745
43,0,1.29288e-20
43,0.0625,5.65106e-16
43,0.125,3.62959e-13
43,0.1875,3.77015e-11
43,0.25,1.37988e-09
43,0.3125,2.61184e-08
43,0.375,3.12109e-07
43,0.4375,2.63956e-06
43,0.5,1.6976e-05
43,0.5625,8.71673e-05
43,0.625,0.000369996
43,0.6875,0.00133243
43,0.75,0.00415337
43,0.8125,0.0113857
43,0.875,0.0278045
43,0.9375,0.0611332
43,0.015625,4.13721e-19
43,0.078125,3.62277e-15
43,0.140625,1.32015e-12
43,0.203125,1.00278e-10
43,0.265625,3.03157e-09
43,0.328125,5.04243e-08
43,0.390625,5.47949e-07
43,0.453125,4.30327e-06
43,0.515625,2.60592e-05
43,0.578125,0.000127225
43,0.640625,0.000517161
43,0.703125,0.00179335
43,0.765625,0.0054061
43,0.828125,0.0143817
43,0.890625,0.0341797
43,0.953125,0.0733096
43,0.03125,6.61954e-18
43,0.09375,1.94026e-14
43,0.15625,4.36728e-12
43,0.21875,2.52166e-10
43,0.28125,6.42053e-09
43,0.34375,9.48241e-08
43,0.40625,9.42824e-07
43,0.46875,6.90322e-06
43,0.53125,3.94697e-05
43,0.59375,0.000183583
43,0.65625,0.000715735
43,0.71875,0.00239273
43,0.78125,0.006982
43,0.84375,0.0180387
43,0.90625,0.0417482
43,0.96875,0.0873964
43,0.046875,7.06085e-17
43,0.109375,8.94401e-14
43,0.171875,1.33032e-11
43,0.234375,6.03228e-10
43,0.296875,1.31502e-08
43,0.359375,1.7401e-07
43,0.421875,1.59176e-06
43,0.484375,1.0905e-05
43,0.546875,5.90184e-05
43,0.609375,0.000262011
43,0.671875,0.000981105
43,0.734375,0.00316546
43,0.796875,0.00894905
43,0.859375,0.0224707
43,0.921875,0.0506744
43,0.984375,0.103592
44,0,5.80928e-21
44,0.0625,2.53923e-16
44,0.125,1.63291e-13
44,0.1875,1.70709e-11
44,0.25,6.33625e-10
44,0.3125,1.22372e-08
44,0.375,1.49828e-07
44,0.4375,1.30203e-06
44,0.5,8.62253e-06
44,0.5625,4.56608e-05
44,0.625,0.000200128
44,0.6875,0.000744906
44,0.75,0.00240187
44,0.8125,0.00681538
44,0.875,0.0172374
44,0.9375,0.0392707
44,0.015625,1.85897e-19
44,0.078125,1.62796e-15
44,0.140625,5.94483e-13
44,0.203125,4.55327e-11
44,0.265625,1.39841e-09
44,0.328125,2.37613e-08
44,0.390625,2.64775e-07
44,0.453125,2.13792e-06
44,0.515625,1.33368e-05
44,0.578125,6.71732e-05
44,0.640625,0.000282024
44,0.703125,0.00101103
44,0.765625,0.0031532
44,0.828125,0.00868412
44,0.890625,0.0213778
44,0.953125,0.047516
44,0.03125,2.97435e-18
44,0.09375,8.72054e-15
44,0.15625,1.96932e-12
44,0.21875,1.14878e-10
44,0.28125,2.9762e-09
44,0.34375,4.49516e-08
44,0.40625,4.58657e-07
44,0.46875,3.45461e-06
44,0.53125,2.03556e-05
44,0.59375,9.77066e-05
44,0.65625,0.000393539
44,0.71875,0.00136037
44,0.78125,0.00410757
44,0.84375,0.010988
44,0.90625,0.0263443
44,0.96875,0.0571574
44,0.046875,3.17264e-17
44,0.109375,4.02134e-14
44,0.171875,6.00969e-12
44,0.234375,2.75843e-10
44,0.296875,6.12754e-09
44,0.359375,8.3002e-08
44,0.421875,7.79688e-07
44,0.484375,5.49766e-06
44,0.546875,3.06743e-05
44,0.609375,0.000140574
44,0.671875,0.000543939
44,0.734375,0.00181503
44,0.796875,0.00531052
44,0.859375,0.0138084
44,0.921875,0.0322628
44,0.984375,0.0683622
45,0,2.61028e-21
45,0.0625,1.14097e-16
45,0.125,7.34628e-14
45,0.1875,7.72919e-12
45,0.25,2.90866e-10
45,0.3125,5.72875e-09
45,0.375,7.18128e-08
45,0.4375,6.40681e-07
45,0.5,4.3644e-06
45,0.5625,2.38092e-05
45,0.625,0.000107628
45,0.6875,0.000413553
45,0.75,0.00137759
45,0.8125,0.00404087
45,0.875,0.0105706
45,0.9375,0.0249196
45,0.015625,8.35289e-20
45,0.078125,7.31558e-16
45,0.140625,2.67704e-13
45,0.203125,2.06731e-11
45,0.265625,6.44798e-10
45,0.328125,1.11859e-08
45,0.390625,1.27715e-07
45,0.453125,1.05928e-06
45,0.515625,6.80009e-06
45,0.578125,3.52947e-05
45,0.640625,0.00015287
45,0.703125,0.00056585
45,0.765625,0.00182349
45,0.828125,0.0051922
45,0.890625,0.0132217
45,0.953125,0.0304125
45,0.03125,1.33646e-18
45,0.09375,3.91946e-15
45,0.15625,8.88008e-13
45,0.21875,5.23271e-11
45,0.28125,1.37887e-09
45,0.34375,2.12845e-08
45,0.40625,2.22679e-07
45,0.46875,1.7237e-06
45,0.53125,1.04559e-05
45,0.59375,5.17342e-05
45,0.65625,0.000215013
45,0.71875,0.000767571
45,0.78125,0.00239515
45,0.84375,0.00662523
45,0.90625,0.016433
45,0.96875,0.0369006
45,0.046875,1.42556e-17
45,0.109375,1.80805e-14
45,0.171875,2.71479e-12
45,0.234375,1.2611e-10
45,0.296875,2.8533e-09
45,0.359375,3.95377e-08
45,0.421875,3.81064e-07
45,0.484375,2.7627e-06
45,0.546875,1.58744e-05
45,0.609375,7.50114e-05
45,0.671875,0.000299566
45,0.734375,0.0010325
45,0.796875,0.00312245
45,0.859375,0.00839642
45,0.921875,0.0202978
45,0.984375,0.0445181
46,0,1.17287e-21
46,0.0625,5.1268e-17
46,0.125,3.305e-14
46,0.1875,3.49937e-12
46,0.25,1.33484e-10
46,0.3125,2.67976e-09
46,0.375,3.43689e-08
46,0.4375,3.14526e-07
46,0.5,2.2019e-06
46,0.5625,1.23619e-05
46,0.625,5.75714e-05
46,0.6875,0.000228105
46,0.75,0.00078407
46,0.8125,0.00237465
46,0.875,0.00641702
46,0.9375,0.015634
46,0.015625,3.7532e-20
46,0.078125,3.2874e-16
46,0.140625,1.2055e-13
46,0.203125,9.38536e-12
46,0.265625,2.97196e-10
46,0.328125,5.26091e-09
46,0.390625,6.15006e-08
46,0.453125,5.23506e-07
46,0.515625,3.45505e-06
46,0.578125,1.84606e-05
46,0.640625,8.23953e-05
46,0.703125,0.000314548
46,0.765625,0.00104613
46,0.828125,0.00307599
46,0.890625,0.0080924
46,0.953125,0.019239
46,0.03125,6.00511e-19
46,0.09375,1.76161e-15
46,0.15625,4.00417e-13
46,0.21875,2.38319e-11
46,0.28125,6.38505e-10
46,0.34375,1.00669e-08
46,0.40625,1.07907e-07
46,0.46875,8.57669e-07
46,0.53125,5.35057e-06
46,0.59375,2.72607e-05
46,0.65625,0.000116779
46,0.71875,0.000430034
46,0.78125,0.0013851
46,0.84375,0.00395689
46,0.90625,0.0101409
46,0.96875,0.0235382
46,0.046875,6.40546e-18
46,0.109375,8.12919e-15
46,0.171875,1.22633e-12
46,0.234375,5.76434e-11
46,0.296875,1.32779e-09
46,0.359375,1.88093e-08
46,0.421875,1.85851e-07
46,0.484375,1.38413e-06
46,0.546875,8.18224e-06
46,0.609375,3.98232e-05
46,0.671875,0.000163959
46,0.734375,0.000583032
46,0.796875,0.00182023
46,0.859375,0.0050557
46,0.921875,0.0126295
46,0.984375,0.0286349
47,0,5.27006e-22
47,0.0625,2.30366e-17
47,0.125,1.48687e-14
47,0.1875,1.58426e-12
47,0.25,6.12407e-11
47,0.3125,1.25258e-09
47,0.375,1.64256e-08
47,0.4375,1.5407e-07
47,0.5,1.10748e-06
47,0.5625,6.39264e-06
47,0.625,3.06411e-05
47,0.6875,0.000125053
47,0.75,0.00044307
47,0.8125,0.00138395
47,0.875,0.00385889
47,0.9375,0.00970482
47,0.015625,1.68642e-20
47,0.078125,1.47726e-16
47,0.140625,5.42848e-14
47,0.203125,4.26049e-12
47,0.265625,1.3693e-10
47,0.328125,2.47206e-09
47,0.390625,2.95682e-08
47,0.453125,2.58101e-07
47,0.515625,1.74968e-06
47,0.578125,9.61451e-06
47,0.640625,4.41758e-05
47,0.703125,0.000173744
47,0.765625,0.000595709
47,0.828125,0.00180671
47,0.890625,0.00490499
47,0.953125,0.0120384
47,0.03125,2.69827e-19
47,0.09375,7.91757e-16
47,0.15625,1.80552e-13
47,0.21875,1.08525e-11
47,0.28125,2.95523e-10
47,0.34375,4.75633e-09
47,0.40625,5.21972e-08
47,0.46875,4.25636e-07
47,0.53125,2.72837e-06
47,0.59375,1.42999e-05
47,0.65625,6.30747e-05
47,0.71875,0.000239336
47,0.78125,0.000794827
47,0.84375,0.00234237
47,0.90625,0.00619552
47,0.96875,0.0148471
47,0.046875,2.87816e-18
47,0.109375,3.65499e-15
47,0.171875,5.53951e-13
47,0.234375,2.63428e-11
47,0.296875,6.17514e-10
47,0.359375,8.9372e-09
47,0.421875,9.04625e-08
47,0.484375,6.91494e-07
47,0.546875,4.20152e-06
47,0.609375,2.10412e-05
47,0.671875,8.92175e-05
47,0.734375,0.000326961
47,0.796875,0.00105262
47,0.859375,0.00301641
47,0.921875,0.00777753
47,0.984375,0.0182077
48,0,2.36799e-22
48,0.0625,1.03512e-17
48,0.125,6.68923e-15
48,0.1875,7.17201e-13
48,0.25,2.80888e-11
48,0.3125,5.85063e-10
48,0.375,7.83961e-09
48,0.4375,7.53151e-08
48,0.5,5.55417e-07
48,0.5625,3.29329e-06
48,0.625,1.62311e-05
48,0.6875,6.81673e-05
48,0.75,0.000248696
48,0.8125,0.000800321
48,0.875,0.00230014
48,0.9375,0.00596477
48,0.015625,7.57757e-21
48,0.078125,6.63836e-17
48,0.140625,2.44448e-14
48,0.203125,1.9339e-12
48,0.265625,6.30659e-11
48,0.328125,1.16061e-09
48,0.390625,1.41943e-08
48,0.453125,1.26962e-07
48,0.515625,8.83307e-07
48,0.578125,4.98729e-06
48,0.640625,2.35672e-05
48,0.703125,9.53995e-05
48,0.765625,0.000336858
48,0.828125,0.00105269
48,0.890625,0.00294607
48,0.953125,0.00745639
48,0.03125,1.21241e-19
48,0.09375,3.55856e-16
48,0.15625,8.14119e-14
48,0.21875,4.94137e-12
48,0.28125,1.36714e-10
48,0.34375,2.24495e-09
48,0.40625,2.52064e-08
48,0.46875,2.10709e-07
48,0.53125,1.38663e-06
48,0.59375,7.46934e-06
48,0.65625,3.38906e-05
48,0.71875,0.000132378
48,0.78125,0.00045281
48,0.84375,0.00137515
48,0.90625,0.00374978
48,0.96875,0.0092675
48,0.046875,1.29324e-18
48,0.109375,1.64333e-15
48,0.171875,2.5022e-13
48,0.234375,1.20362e-11
48,0.296875,2.87016e-10
48,0.359375,4.24153e-09
48,0.421875,4.39498e-08
48,0.484375,3.44535e-07
48,0.546875,2.14978e-06
48,0.609375,1.10677e-05
48,0.671875,4.82829e-05
48,0.734375,0.000182175
48,0.796875,0.000604173
48,0.859375,0.00178434
48,0.921875,0.00474356
48,0.984375,0.0114537
49,0,1.06401e-22
49,0.0625,4.65119e-18
49,0.125,3.00939e-15
49,0.1875,3.24665e-13
49,0.25,1.28799e-11
49,0.3125,2.73086e-10
49,0.375,3.73694e-09
49,0.4375,3.67445e-08
49,0.5,2.77788e-07
49,0.5625,1.69056e-06
49,0.625,8.55974e-06
49,0.6875,3.69594e-05
49,0.75,0.000138714
49,0.8125,0.000459454
49,0.875,0.0013597
49,0.9375,0.00363211
49,0.015625,3.40482e-21
49,0.078125,2.98308e-17
49,0.140625,1.10076e-14
49,0.203125,8.77753e-13
49,0.265625,2.9036e-11
49,0.328125,5.44443e-10
49,0.390625,6.80425e-09
49,0.453125,6.23193e-08
49,0.515625,4.44619e-07
49,0.578125,2.57726e-06
49,0.640625,1.25142e-05
49,0.703125,5.20893e-05
49,0.765625,0.00018924
49,0.828125,0.000608754
49,0.890625,0.00175444
49,0.953125,0.00457441
49,0.03125,5.44772e-20
49,0.09375,1.5994e-16
49,0.15625,3.67087e-14
49,0.21875,2.24962e-12
49,0.28125,6.32176e-11
49,0.34375,1.05858e-09
49,0.40625,1.21528e-08
49,0.46875,1.04066e-07
49,0.53125,7.02506e-07
49,0.59375,3.88591e-06
49,0.65625,1.81206e-05
49,0.71875,7.27924e-05
49,0.78125,0.000256216
49,0.84375,0.000801055
49,0.90625,0.00224965
49,0.96875,0.00572821
49,0.046875,5.8109e-19
49,0.109375,7.38859e-16
49,0.171875,1.13022e-13
49,0.234375,5.49842e-12
49,0.296875,1.33327e-10
49,0.359375,2.01075e-09
49,0.421875,2.13143e-08
49,0.484375,1.71229e-07
49,0.546875,1.09629e-06
49,0.609375,5.79706e-06
49,0.671875,2.5996e-05
49,0.734375,0.000100889
49,0.796875,0.000344341
49,0.859375,0.00104707
49,0.921875,0.00286706
49,0.984375,0.0071328
